{
  "markdown": "# API Reference\n\n## A complete guide to all Shov commands and operations.\n\n[📄 OpenAPI JSON](https://shov.com/openapi.json) [📄 OpenAPI YAML](https://shov.com/openapi.yaml)\n\n### Setup\n\n[INSTALL](https://shov.com/docs#install) [NEW](https://shov.com/docs#new) [CLAIM](https://shov.com/docs#claim)\n\n### Authentication\n\nAll API requests must be authenticated using a Bearer Token. Provide your project's API key in the \\`Authorization\\` header.\n\n`Authorization: Bearer YOUR_API_KEY`\n\n[SEND-OTP](https://shov.com/docs#send-otp) [VERIFY-OTP](https://shov.com/docs#verify-otp)\n\n### Key/Value\n\n[SET](https://shov.com/docs#set) [GET](https://shov.com/docs#get) [FORGET](https://shov.com/docs#forget)\n\n### Collections\n\n[ADD](https://shov.com/docs#add) [ADD-MANY](https://shov.com/docs#add-many) [WHERE](https://shov.com/docs#where) [UPDATE](https://shov.com/docs#update) [REMOVE](https://shov.com/docs#remove) [CLEAR](https://shov.com/docs#clear) [BATCH](https://shov.com/docs#batch) [COUNT](https://shov.com/docs#count)\n\n### Search\n\n[SEARCH](https://shov.com/docs#search)\n\n### Streaming\n\n[BROADCAST](https://shov.com/docs#broadcast) [SUBSCRIBE](https://shov.com/docs#subscribe)\n\n### Files\n\n[UPLOAD](https://shov.com/docs#upload) [UPLOAD-URL](https://shov.com/docs#upload-url) [FORGET-FILE](https://shov.com/docs#forget-file)\n\n### Utilities\n\n[TOKEN](https://shov.com/docs#token) [CONTENTS](https://shov.com/docs#contents)\n\n#### INSTALL\n\nInstall the Shov CLI globally via npm.\n\nNo examples available for INSTALL.\n\n##### Synopsis\n\n`npm install -g shov`\n\n##### 📥Returns\n\n```\n# Successful installation output:\n+ shov@2.3.0\nadded 1 package in 2.1s\n```\n\n##### ⚠️Errors\n\n`EACCES`— Permission denied — Try using sudo or configure npm properly\n\n`ENOTFOUND`— Network error — Check your internet connection\n\n##### 🔹Notes\n\nThe CLI requires Node.js 16+ and npm. After installation, the \\`shov\\` command will be available globally.\n\n#### NEW\n\nCreate a new Shov project with automatic API key generation.\n\nNo examples available for NEW.\n\n##### Synopsis\n\n`shov new <project-name> [--json]`\n\n##### 📑Arguments\n\n| Argument | Type | Required | Description |\n| --- | --- | --- | --- |\n| project-name | string | ✓ | The name of your new project (alphanumeric, hyphens allowed). |\n\n##### 📑Options\n\n| Argument | Type | Required | Description |\n| --- | --- | --- | --- |\n| --json | flag |  | Output structured JSON for scripting. |\n\n##### 📥Returns\n\n```\n{\n  \"success\": true,\n  \"projectName\": \"my-first-project\",\n  \"apiKey\": \"shov_live_abc123def456...\",\n  \"message\": \"Project created successfully\"\n}\n```\n\n##### ⚠️Errors\n\n`400`— Bad Request — Project name is invalid or already exists\n\n`429`— Too Many Requests — Rate limit exceeded\n\n##### 🔹Notes\n\nProject names must be unique, alphanumeric with hyphens allowed. Your API key is generated immediately and should be stored securely. No email registration required.\n\n⚠️ IMPORTANT: Save your API key immediately - it cannot be recovered if lost.\n\n#### CLAIM\n\nClaim an anonymous project by associating it with your email address.\n\nNo examples available for CLAIM.\n\n##### Synopsis\n\n`shov claim <project-name> <email> [--json]`\n\n##### 📑Arguments\n\n| Argument | Type | Required | Description |\n| --- | --- | --- | --- |\n| project-name | string | ✓ | The name of the anonymous project to claim. |\n| email | string | ✓ | Your email address to associate with the project. |\n\n##### 📑Options\n\n| Argument | Type | Required | Description |\n| --- | --- | --- | --- |\n| --json | flag |  | Output structured JSON for scripting. |\n\n##### 📥Returns\n\n```\n// Initiate response:\n{\n  \"success\": true,\n  \"message\": \"A verification code has been sent to user@example.com.\"\n}\n\n// Verify response:\n{\n  \"success\": true,\n  \"message\": \"Project claimed successfully! You can now manage this project from your account.\"\n}\n```\n\n##### ⚠️Errors\n\n`400`— Bad Request — Project name, email, or PIN is invalid\n\n`403`— Forbidden — Project has already been claimed or you already have a free organization\n\n`404`— Not Found — Project not found\n\n`429`— Too Many Requests — Rate limit exceeded\n\n##### 🔹Notes\n\nThe claim process allows users who created projects anonymously to later associate them with their email address for dashboard access and management. This is a two-step process:\n\n1\\. \\*\\*Initiate\\*\\*: Send a verification code to the provided email\n2\\. \\*\\*Verify\\*\\*: Confirm ownership with the OTP code\n\n⚠️ IMPORTANT: Only anonymous projects can be claimed. Each user can only have one free organization, so claiming is limited if you already have a free organization.\n\nThe claim process includes rate limiting and abuse prevention to ensure security.\n\n#### SET\n\nStore a key-value pair.\n\nCLICURLJS-SDK\n\nCopy\n\n```\nshov set my_key '{\"message\": \"hello world\"}'\n```\n\n##### Synopsis\n\n`shov set <key> <value> [--ttl <seconds>] [--json]`\n\n##### 📑Arguments\n\n| Argument | Type | Required | Description |\n| --- | --- | --- | --- |\n| key | string | ✓ | The key for the value. |\n| value | json | ✓ | The JSON value to store. |\n\n##### 📑Options\n\n| Argument | Type | Required | Description |\n| --- | --- | --- | --- |\n| --ttl | integer |  | Optional time-to-live in seconds. |\n| --json | flag |  | Output structured JSON for scripting. |\n\n##### 📥Returns\n\n```\n{\n  \"success\": true\n}\n```\n\n##### ⚠️Errors\n\n`400`— Bad Request — \"name\" is required or JSON is malformed\n\n`401`— Unauthorized — API key is missing or invalid\n\n#### GET\n\nRetrieve a key-value pair.\n\nCLICURLJS-SDK\n\nCopy\n\n```\nshov get my_key\n```\n\n##### Synopsis\n\n`shov get <key> [--json]`\n\n##### 📑Arguments\n\n| Argument | Type | Required | Description |\n| --- | --- | --- | --- |\n| key | string | ✓ | The key to retrieve. |\n\n##### 📑Options\n\n| Argument | Type | Required | Description |\n| --- | --- | --- | --- |\n| --json | flag |  | Output structured JSON for scripting. |\n\n##### 📥Returns\n\n```\n// If found:\n{\n  \"success\": true,\n  \"value\": { \"message\": \"hello world\" }\n}\n\n// If not found:\n{\n  \"success\": true,\n  \"value\": null\n}\n```\n\n##### ⚠️Errors\n\n`401`— Unauthorized — API key is missing or invalid\n\n##### 🔹Notes\n\nIf a key is not found, the command succeeds and returns a \\`null\\` value.\n\n#### FORGET\n\nPermanently delete a key-value pair.\n\nCLICURLJS-SDK\n\nCopy\n\n```\nshov forget my_key\n```\n\n##### Synopsis\n\n`shov forget <key> [--json]`\n\n##### 📑Arguments\n\n| Argument | Type | Required | Description |\n| --- | --- | --- | --- |\n| key | string | ✓ | The key to delete. |\n\n##### 📑Options\n\n| Argument | Type | Required | Description |\n| --- | --- | --- | --- |\n| --json | flag |  | Output structured JSON for scripting. |\n\n##### 📥Returns\n\n```\n{\n  \"success\": true,\n  \"message\": \"Item forgotten.\"\n}\n```\n\n##### ⚠️Errors\n\n`401`— Unauthorized — API key is missing or invalid\n\n`404`— Not Found — The requested key does not exist\n\n#### ADD\n\nAdd a JSON object to a collection.\n\nCLICURLJS-SDK\n\nCopy\n\n```\nshov add users '{\"name\": \"Alice\", \"role\": \"admin\"}'\n```\n\n##### Synopsis\n\n`shov add <collection> <value> [--ttl <seconds>] [--id <custom_id>] [--json]`\n\n##### 📑Arguments\n\n| Argument | Type | Required | Description |\n| --- | --- | --- | --- |\n| collection | string | ✓ | The name of the collection. |\n| value | json | ✓ | The JSON object to add. |\n\n##### 📑Options\n\n| Argument | Type | Required | Description |\n| --- | --- | --- | --- |\n| --ttl | integer |  | Optional time-to-live in seconds. |\n| --id | string |  | Provide a custom ID for the item. |\n| --json | flag |  | Output structured JSON for scripting. |\n\n##### 📥Returns\n\n```\n{\n  \"success\": true,\n  \"id\": \"item_abc123\"\n}\n```\n\n##### ⚠️Errors\n\n`400`— Bad Request — \"name\" is required or JSON is malformed\n\n`401`— Unauthorized — API key is missing or invalid\n\n##### 🔹Notes\n\nItem IDs are unique per collection. If no ID is provided, a unique one will be generated.\n\n#### ADD-MANY\n\nAdd multiple JSON objects to a collection at once.\n\nCLICURLJS-SDK\n\nCopy\n\n```\nshov add-many users '[{\"name\": \"Alice\"}, {\"name\": \"Bob\"}]'\n```\n\n##### Synopsis\n\n`shov add-many <collection> <items> [--json]`\n\n##### 📑Arguments\n\n| Argument | Type | Required | Description |\n| --- | --- | --- | --- |\n| collection | string | ✓ | The name of the collection. |\n| items | json array | ✓ | An array of JSON objects to add. |\n\n##### 📑Options\n\n| Argument | Type | Required | Description |\n| --- | --- | --- | --- |\n| --json | flag |  | Output structured JSON for scripting. |\n\n##### 📥Returns\n\n```\n{\n  \"success\": true,\n  \"ids\": [\"item_abc123\", \"item_def456\", \"item_ghi789\"]\n}\n```\n\n##### ⚠️Errors\n\n`400`— Bad Request — \"name\" or \"items\" are missing/invalid\n\n`401`— Unauthorized — API key is missing or invalid\n\n#### WHERE\n\nFilter items in a collection based on JSON properties.\n\nCLICURLJS-SDK\n\nCopy\n\n```\nshov where users -f '{\"role\": \"admin\"}'\n```\n\n##### Synopsis\n\n`shov where <collection> [--filter <json>] [--limit <number>] [--offset <number>] [--sort <json>] [--json]`\n\n##### 📑Arguments\n\n| Argument | Type | Required | Description |\n| --- | --- | --- | --- |\n| collection | string | ✓ | The name of the collection to query. |\n\n##### 📑Options\n\n| Argument | Type | Required | Description |\n| --- | --- | --- | --- |\n| --filter, -f | json |  | JSON object for filtering. |\n| --limit | integer |  | Maximum number of items to return. |\n| --offset | integer |  | Skip this many results (for pagination). |\n| --sort | json |  | JSON object for sorting results. |\n| --json | flag |  | Output structured JSON for scripting. |\n\n##### 📥Returns\n\n```\n{\n  \"success\": true,\n  \"items\": [\\\n    {\\\n      \"id\": \"item_abc123\",\\\n      \"name\": \"users\",\\\n      \"type\": \"collection_item\",\\\n      \"value\": { \"name\": \"Alice\", \"role\": \"admin\" },\\\n      \"createdAt\": \"2024-01-15T10:30:00Z\"\\\n    }\\\n  ]\n}\n```\n\n##### ⚠️Errors\n\n`400`— Bad Request — \"name\" is required or filter is malformed\n\n`401`— Unauthorized — API key is missing or invalid\n\n#### UPDATE\n\nUpdate an item in a collection by collection name and ID.\n\nCLICURLJS-SDK\n\nCopy\n\n```\nshov update users item_id '{\"name\": \"Alice V2\"}'\n```\n\n##### Synopsis\n\n`shov update <collection> <id> <value> [--json]`\n\n##### 📑Arguments\n\n| Argument | Type | Required | Description |\n| --- | --- | --- | --- |\n| collection | string | ✓ | The name of the collection. |\n| id | string | ✓ | The ID of the item to update. |\n| value | json | ✓ | A JSON object containing the fields to update. |\n\n##### 📑Options\n\n| Argument | Type | Required | Description |\n| --- | --- | --- | --- |\n| --json | flag |  | Output structured JSON for scripting. |\n\n##### 📥Returns\n\n```\n{\n  \"success\": true,\n  \"message\": \"Item updated.\",\n  \"id\": \"item_abc123\"\n}\n```\n\n##### ⚠️Errors\n\n`400`— Bad Request — \"collection\", \"id\", or \"value\" is missing\n\n`401`— Unauthorized — API key is missing or invalid\n\n`404`— Not Found — Item with the specified ID not found\n\n#### REMOVE\n\nRemove an item from a collection by collection name and ID.\n\nCLICURLJS-SDK\n\nCopy\n\n```\nshov remove users item_id\n```\n\n##### Synopsis\n\n`shov remove <collection> <id> [--json]`\n\n##### 📑Arguments\n\n| Argument | Type | Required | Description |\n| --- | --- | --- | --- |\n| collection | string | ✓ | The name of the collection. |\n| id | string | ✓ | The ID of the item to remove. |\n\n##### 📑Options\n\n| Argument | Type | Required | Description |\n| --- | --- | --- | --- |\n| --json | flag |  | Output structured JSON for scripting. |\n\n##### 📥Returns\n\n```\n{\n  \"success\": true,\n  \"message\": \"Item removed.\",\n  \"id\": \"item_abc123\"\n}\n```\n\n##### ⚠️Errors\n\n`400`— Bad Request — \"collection\" or \"id\" is missing\n\n`401`— Unauthorized — API key is missing or invalid\n\n`404`— Not Found — Item with the specified ID not found\n\n#### CLEAR\n\nClear all items from a collection.\n\nCLICURLJS-SDK\n\nCopy\n\n```\nshov clear users\n```\n\n##### Synopsis\n\n`shov clear <collection> [--json]`\n\n##### 📑Arguments\n\n| Argument | Type | Required | Description |\n| --- | --- | --- | --- |\n| collection | string | ✓ | The name of the collection to clear. |\n\n##### 📑Options\n\n| Argument | Type | Required | Description |\n| --- | --- | --- | --- |\n| --json | flag |  | Output structured JSON for scripting. |\n\n##### 📥Returns\n\n```\n{\n  \"success\": true,\n  \"count\": 42\n}\n```\n\n##### ⚠️Errors\n\n`400`— Bad Request — \"name\" of collection is required\n\n`401`— Unauthorized — API key is missing or invalid\n\n#### BATCH\n\nExecute multiple operations atomically in a single transaction.\n\nNo examples available for BATCH.\n\n##### Synopsis\n\n`shov batch <operations> [--json]`\n\n##### 📑Arguments\n\n| Argument | Type | Required | Description |\n| --- | --- | --- | --- |\n| operations | json array | ✓ | Array of operations to execute atomically. |\n\n##### 📑Options\n\n| Argument | Type | Required | Description |\n| --- | --- | --- | --- |\n| --json | flag |  | Output structured JSON for scripting. |\n\n##### 📥Returns\n\n```\n{\n  \"success\": true,\n  \"results\": [\\\n    { \"success\": true },\\\n    { \"success\": true, \"id\": \"item_abc123\" },\\\n    { \"success\": true, \"message\": \"Item updated.\", \"id\": \"item-456\" }\\\n  ],\n  \"transactionId\": \"txn_def456ghi789\",\n  \"operationsExecuted\": 3\n}\n```\n\n##### ⚠️Errors\n\n`400`— Bad Request — \"operations\" array is required, empty, or contains invalid operations\n\n`401`— Unauthorized — API key is missing or invalid\n\n`409`— Conflict — One or more operations failed, entire transaction rolled back\n\n##### 🔹Notes\n\nBatch operations execute atomically - either all operations succeed or all fail. This is perfect for implementing complex workflows like e-commerce checkouts, user registration flows, or any scenario requiring data consistency across multiple operations.\n\nSupported operation types:\n• set - Set key-value pairs\n• get - Read values (for read-your-writes consistency)\n• add - Add items to collections\n• update - Update collection items by ID\n• remove - Remove collection items by ID\n• forget - Delete keys\n• clear - Clear entire collections\n\n⚠️ IMPORTANT: All operations in a batch are executed atomically. If any operation fails, the entire batch is rolled back and no changes are made.\n\n#### COUNT\n\nCount the number of items in a collection with optional filtering.\n\nNo examples available for COUNT.\n\n##### Synopsis\n\n`shov count <collection> [--filter <json>] [--json]`\n\n##### 📑Arguments\n\n| Argument | Type | Required | Description |\n| --- | --- | --- | --- |\n| collection | string | ✓ | The name of the collection to count. |\n\n##### 📑Options\n\n| Argument | Type | Required | Description |\n| --- | --- | --- | --- |\n| --filter, -f | json |  | JSON object for filtering items before counting. |\n| --json | flag |  | Output structured JSON for scripting. |\n\n##### 📥Returns\n\n```\n{\n  \"success\": true,\n  \"count\": 42,\n  \"collection\": \"users\"\n}\n```\n\n##### ⚠️Errors\n\n`400`— Bad Request — \"name\" is required or filter is malformed\n\n`401`— Unauthorized — API key is missing or invalid\n\n##### 🔹Notes\n\nCOUNT returns the total number of items matching the filter criteria without transferring the actual data, making it efficient for large collections. Supports all the same filtering options as the WHERE operation.\n\n#### SEARCH\n\nPerform vector search across keys and collections with optional filtering. Results are automatically filtered by relevance (minimum score 0.5 by default).\n\nCLICURLJS-SDK\n\nCopy\n\n```\nshov search \"electric guitar\"\n```\n\n##### Synopsis\n\n`shov search <query> [--collection <name>] [--top-k <number>] [--min-score <number>] [--filters <json>] [--limit <number>] [--offset <number>] [--json]`\n\n##### 📑Arguments\n\n| Argument | Type | Required | Description |\n| --- | --- | --- | --- |\n| query | string | ✓ | The search query string. |\n\n##### 📑Options\n\n| Argument | Type | Required | Description |\n| --- | --- | --- | --- |\n| --collection, -c | string |  | Limit search to a specific collection. |\n| --top-k | integer |  | The number of results to return. Default is 10. |\n| --topK | integer |  | Alias for --top-k (backward compatibility). |\n| --min-score | float |  | The minimum similarity score for results. Default is 0.5 for relevance. Minimum allowed is 0.3. |\n| --minScore | float |  | Alias for --min-score (backward compatibility). |\n| --filters | json |  | JSON object to filter results by specific fields (e.g. {\"user\\_id\": \"123\", \"category\": \"electronics\"}). |\n| --limit | integer |  | Alias for --top-k (pagination support). |\n| --offset | integer |  | Skip this many results (for pagination). |\n| --json | flag |  | Output structured JSON for scripting. |\n\n##### 📥Returns\n\n```\n{\n  \"success\": true,\n  \"query\": \"smartphone\",\n  \"project\": \"my-project\",\n  \"collection\": null,\n  \"total\": 1,\n  \"items\": [\\\n    {\\\n      \"id\": \"item_abc123\",\\\n      \"name\": \"products\",\\\n      \"type\": \"collection_item\",\\\n      \"value\": { \"name\": \"iPhone Case\", \"user_id\": \"user123\", \"category\": \"electronics\" },\\\n      \"createdAt\": \"2024-01-15T10:30:00Z\",\\\n      \"_score\": 0.94\\\n    }\\\n  ]\n}\n```\n\n##### ⚠️Errors\n\n`400`— Bad Request — \"query\" is required or filters JSON is malformed\n\n`401`— Unauthorized — API key is missing or invalid\n\n##### 🔹Notes\n\nVector search finds semantically similar items first, then applies JSON field filters for precise results. Filters use exact matching on JSON properties. Use --json flag for structured output suitable for scripting and automation.\n\n⚠️ IMPORTANT: Vector indexing has eventual consistency - there is a small delay between adding data and it becoming searchable. Plan your application logic accordingly.\n\n#### UPLOAD\n\nUpload a file directly.\n\nCLICURLJS-SDK\n\nCopy\n\n```\nshov upload ./path/to/file.txt\n```\n\n##### Synopsis\n\n`shov upload <filepath> [--json]`\n\n##### 📑Arguments\n\n| Argument | Type | Required | Description |\n| --- | --- | --- | --- |\n| filepath | string | ✓ | The local path to the file to upload. |\n\n##### 📑Options\n\n| Argument | Type | Required | Description |\n| --- | --- | --- | --- |\n| --json | flag |  | Output structured JSON for scripting. |\n\n##### 📥Returns\n\n```\n{\n  \"success\": true,\n  \"fileId\": \"file_abc123\",\n  \"url\": \"https://your-project.shov.com/files/file_abc123\"\n}\n```\n\n##### ⚠️Errors\n\n`401`— Unauthorized — API key is missing or invalid\n\n`404`— Not Found — File not found at the specified path\n\n#### UPLOAD-URL\n\nGet a pre-signed URL for client-side file uploads.\n\nCLICURLJS-SDK\n\nCopy\n\n```\nshov upload-url my-file.txt\n```\n\n##### Synopsis\n\n`shov upload-url <filename> [--mime-type <type>] [--json]`\n\n##### 📑Arguments\n\n| Argument | Type | Required | Description |\n| --- | --- | --- | --- |\n| filename | string | ✓ | The name of the file to be uploaded. |\n\n##### 📑Options\n\n| Argument | Type | Required | Description |\n| --- | --- | --- | --- |\n| --mime-type | string |  | MIME type of the file (auto-detected if not provided). |\n| --json | flag |  | Output structured JSON for scripting. |\n\n##### 📥Returns\n\n```\n{\n  \"success\": true,\n  \"uploadUrl\": \"https://storage.shov.com/upload/...\",\n  \"fileId\": \"file_abc123\"\n}\n```\n\n##### ⚠️Errors\n\n`400`— Bad Request — \"fileName\" is required\n\n`401`— Unauthorized — API key is missing or invalid\n\n#### FORGET-FILE\n\nPermanently delete a file.\n\nCLICURLJS-SDK\n\nCopy\n\n```\nshov forget-file my-file.txt\n```\n\n##### Synopsis\n\n`shov forget-file <filename> [--json]`\n\n##### 📑Arguments\n\n| Argument | Type | Required | Description |\n| --- | --- | --- | --- |\n| filename | string | ✓ | The name of the file to delete. |\n\n##### 📑Options\n\n| Argument | Type | Required | Description |\n| --- | --- | --- | --- |\n| --json | flag |  | Output structured JSON for scripting. |\n\n##### 📥Returns\n\n```\n{\n  \"success\": true,\n  \"count\": 1\n}\n```\n\n##### ⚠️Errors\n\n`400`— Bad Request — \"filename\" is required\n\n`401`— Unauthorized — API key is missing or invalid\n\n`404`— Not Found — File not found\n\n#### SEND-OTP\n\nSend a one-time password to an identifier.\n\nCLICURLJS-SDK\n\nCopy\n\n```\nshov send-otp user@example.com\n```\n\n##### Synopsis\n\n`shov send-otp <identifier> [--json]`\n\n##### 📑Arguments\n\n| Argument | Type | Required | Description |\n| --- | --- | --- | --- |\n| identifier | string | ✓ | The identifier (e.g., email) to send the OTP to. |\n\n##### 📑Options\n\n| Argument | Type | Required | Description |\n| --- | --- | --- | --- |\n| --json | flag |  | Output structured JSON for scripting. |\n\n##### 📥Returns\n\n```\n{\n  \"success\": true,\n  \"message\": \"Verification code sent to user@example.com.\"\n}\n```\n\n##### ⚠️Errors\n\n`400`— Bad Request — \"identifier\" is required or invalid\n\n`401`— Unauthorized — API key is missing or invalid\n\n#### VERIFY-OTP\n\nVerify a one-time password for an identifier.\n\nCLICURLJS-SDK\n\nCopy\n\n```\nshov verify-otp user@example.com 1234\n```\n\n##### Synopsis\n\n`shov verify-otp <identifier> <pin> [--json]`\n\n##### 📑Arguments\n\n| Argument | Type | Required | Description |\n| --- | --- | --- | --- |\n| identifier | string | ✓ | The identifier (e.g., email) associated with the OTP. |\n| pin | string | ✓ | The one-time password to verify. |\n\n##### 📑Options\n\n| Argument | Type | Required | Description |\n| --- | --- | --- | --- |\n| --json | flag |  | Output structured JSON for scripting. |\n\n##### 📥Returns\n\n```\n{\n  \"success\": true,\n  \"message\": \"PIN verified successfully.\"\n}\n```\n\n##### ⚠️Errors\n\n`400`— Bad Request — \"identifier\" or \"pin\" are missing, or PIN is invalid/expired\n\n`401`— Unauthorized — API key is missing or invalid\n\n#### BROADCAST\n\nBroadcast a message to subscribers of a specific subscription.\n\nNo examples available for BROADCAST.\n\n##### Synopsis\n\n`shov broadcast <subscription> <message> [--json]`\n\n##### 📑Arguments\n\n| Argument | Type | Required | Description |\n| --- | --- | --- | --- |\n| subscription | json | ✓ | Subscription object with collection, key, or channel properties. |\n| message | json | ✓ | The message to broadcast to subscribers. |\n\n##### 📑Options\n\n| Argument | Type | Required | Description |\n| --- | --- | --- | --- |\n| --json | flag |  | Output structured JSON for scripting. |\n\n##### 📥Returns\n\n```\n{\n  \"success\": true,\n  \"messageId\": \"msg_abc123def456\",\n  \"delivered\": 3\n}\n```\n\n##### ⚠️Errors\n\n`400`— Bad Request — \"subscription\" or \"message\" are missing or malformed\n\n`401`— Unauthorized — API key is missing or invalid\n\n##### 🔹Notes\n\nBroadcast sends messages to all active subscribers matching the subscription criteria. The message is delivered immediately to connected clients. If no subscribers are active, the message is still recorded for analytics but not delivered.\n\n⚠️ IMPORTANT: Messages are not persisted - they are only delivered to currently connected subscribers. For persistent messaging, store the data using SET or ADD operations which will trigger auto-broadcasts.\n\n#### SUBSCRIBE\n\nSubscribe to real-time updates from collections, keys, or channels using Server-Sent Events.\n\nNo examples available for SUBSCRIBE.\n\n##### Synopsis\n\n`shov subscribe <subscriptions> [--expires <seconds>] [--verbose]`\n\n##### 📑Arguments\n\n| Argument | Type | Required | Description |\n| --- | --- | --- | --- |\n| subscriptions | json array | ✓ | Array of subscription objects with collection, key, or channel properties. |\n\n##### 📑Options\n\n| Argument | Type | Required | Description |\n| --- | --- | --- | --- |\n| --expires | integer |  | Token expiration time in seconds (default: 3600). |\n| --verbose | flag |  | Show heartbeat messages for debugging. |\n\n##### 📥Returns\n\n```\n// Server-Sent Events stream with messages like:\n{\n  \"type\": \"connected\",\n  \"connectionId\": \"conn_abc123\",\n  \"subscriptions\": 3,\n  \"timestamp\": \"2024-01-15T10:30:00Z\"\n}\n\n{\n  \"type\": \"message\",\n  \"subscription\": {\"collection\": \"users\"},\n  \"data\": {\n    \"operation\": \"add\",\n    \"collection\": \"users\",\n    \"key\": null,\n    \"oldValue\": null,\n    \"newValue\": {\"name\": \"Alice\", \"status\": \"active\"},\n    \"timestamp\": \"2024-01-15T10:30:15Z\"\n  },\n  \"timestamp\": \"2024-01-15T10:30:15Z\"\n}\n\n{\n  \"type\": \"ping\",\n  \"timestamp\": \"2024-01-15T10:30:30Z\"\n}\n```\n\n##### ⚠️Errors\n\n`400`— Bad Request — \"subscriptions\" array is missing or malformed\n\n`401`— Unauthorized — Invalid or expired token\n\n`403`— Forbidden — Token does not have access to requested subscriptions\n\n##### 🔹Notes\n\nSubscribe creates a persistent Server-Sent Events (SSE) connection for real-time updates. The connection automatically handles reconnection and includes heartbeat messages every 10 seconds.\n\nSubscription Types:\n• Collection: Receives updates when items are added, updated, or removed from the collection\n• Key: Receives updates when the key-value pair is modified\n• Channel: Receives custom broadcast messages sent to the channel\n\n⚠️ IMPORTANT: Subscriptions require a streaming token for authentication. The CLI handles token creation automatically, but browser clients must create tokens first using the TOKEN endpoint.\n\n#### TOKEN\n\nCreate a temporary token for various client-side operations.\n\nNo examples available for TOKEN.\n\n##### Synopsis\n\n`shov token --type streaming <subscriptions> [--expires <seconds>] [--json]`\n\n##### 📑Arguments\n\n| Argument | Type | Required | Description |\n| --- | --- | --- | --- |\n| type | string | ✓ | Token type. Currently supported: \"streaming\". |\n| subscriptions | json array | ✓ | For streaming tokens: Array of subscription objects with collection, key, or channel properties. |\n\n##### 📑Options\n\n| Argument | Type | Required | Description |\n| --- | --- | --- | --- |\n| --expires | integer |  | Token expiration time in seconds (default: 3600). |\n| --json | flag |  | Output structured JSON for scripting. |\n\n##### 📥Returns\n\n```\n{\n  \"success\": true,\n  \"token\": \"a1b2c3d4e5f6...\",\n  \"expires_in\": 3600,\n  \"expires_at\": \"2024-01-15T11:30:00Z\",\n  \"subscriptions\": 3\n}\n```\n\n##### ⚠️Errors\n\n`400`— Bad Request — \"subscriptions\" array is required or malformed\n\n`401`— Unauthorized — API key is missing or invalid\n\n##### 🔹Notes\n\nStream tokens are temporary, scoped credentials that allow clients to subscribe to real-time updates without exposing your API key. Each subscription must specify exactly one of: collection, key, or channel. Filters are optional for collection and key subscriptions.\n\n⚠️ IMPORTANT: Store tokens securely and use HTTPS for all streaming connections. Tokens are single-use per connection and automatically refresh while active.\n\n#### CONTENTS\n\nList all items (keys, collections, files) in a project.\n\nCLICURLJS-SDK\n\nCopy\n\n```\nshov contents\n```\n\n##### Synopsis\n\n`shov contents [--json]`\n\n##### 📑Options\n\n| Argument | Type | Required | Description |\n| --- | --- | --- | --- |\n| --json | flag |  | Output structured JSON for scripting. |\n\n##### 📥Returns\n\n```\n{\n  \"success\": true,\n  \"contents\": {\n    \"keys\": [\"config\", \"apiKey\"],\n    \"collections\": [\"users\", \"posts\"],\n    \"files\": [\"document.pdf\"]\n  }\n}\n```\n\n##### ⚠️Errors\n\n`401`— Unauthorized — API key is missing or invalid",
  "metadata": {
    "viewport": "width=device-width, initial-scale=1, maximum-scale=1, user-scalable=no",
    "twitter:image": "https://shov.com/og.png",
    "ogImage": "https://shov.com/og.png",
    "favicon": "https://shov.com/favicon.ico",
    "og:description": "Instant memory & databases for vibe-coded apps, and users.",
    "twitter:description": "Instant memory & databases for vibe-coded apps, and users.",
    "language": "en",
    "twitter:image:width": "1200",
    "twitter:image:alt": "Shov - AI Database Engine",
    "og:image": "https://shov.com/og.png",
    "og:image:width": "1200",
    "ogDescription": "Instant memory & databases for vibe-coded apps, and users.",
    "description": "Instant memory & databases for vibe-coded apps, and users.",
    "og:title": "Shov - AI Database Engine",
    "og:image:height": "630",
    "og:image:alt": "Shov - AI Database Engine",
    "twitter:card": "summary_large_image",
    "ogTitle": "Shov - AI Database Engine",
    "title": "Shov - AI Database Engine",
    "next-size-adjust": "",
    "twitter:title": "Shov - AI Database Engine",
    "twitter:image:height": "630",
    "scrapeId": "c0c3ee87-3831-4c50-bca5-36baf9ebf06e",
    "sourceURL": "https://shov.com/docs",
    "url": "https://shov.com/docs",
    "statusCode": 200,
    "contentType": "text/html; charset=utf-8",
    "proxyUsed": "basic",
    "cacheState": "miss",
    "creditsUsed": 1
  }
}